Dataset,Model,Accuracy,AUC,F1-score,Type I Error,Type II Error
German Credit,XGBoost,0.742,0.7725714285714286,0.5274841021445946,0.09219858156028368,0.4576271186440678
German Credit,Decision Tree,0.682,0.6228571428571428,0.4728616832236382,0.23404255319148937,0.5254237288135594
German Credit,Random Forest,0.754,0.7914285714285714,0.4932687037381262,0.07092198581560284,0.6101694915254238
German Credit,SVM,0.7630000000000001,0.7849523809523811,0.4936176620143404,0.07092198581560284,0.559322033898305
Australian Credit,XGBoost,0.8753623188405797,0.9277062211077908,0.8869739467825412,0.17647058823529413,0.11494252873563218
Australian Credit,Decision Tree,0.8173913043478261,0.7987715671564374,0.8306233681590187,0.21568627450980393,0.12643678160919541
Australian Credit,Random Forest,0.8637681159420291,0.9318164467945982,0.8735359224203936,0.19607843137254902,0.06896551724137931
Australian Credit,SVM,0.8536231884057971,0.9127858586902814,0.8621785345983544,0.19607843137254902,0.12643678160919541
