Dataset,模型,精确度,AUC,F1-分数,第一类错误,第二类错误
German Credit,XGBoost,0.733,0.7629047619047619,0.520157162572056,0.11347517730496454,0.3559322033898305
German Credit,决策树,0.675,0.6178571428571429,0.4676910900300103,0.24113475177304963,0.4406779661016949
German Credit,随机森林,0.759,0.7829166666666667,0.5262176556646938,0.07801418439716312,0.6440677966101694
German Credit,SVM,0.756,0.7851666666666667,0.486046731046731,0.0851063829787234,0.5423728813559322
Australian Credit,XGBoost,0.8753623188405797,0.9277062211077908,0.8869739467825412,0.17647058823529413,0.11494252873563218
Australian Credit,决策树,0.808695652173913,0.8088486112401334,0.8308223465827153,0.21568627450980393,0.09195402298850575
Australian Credit,随机森林,0.8666666666666668,0.9355388404909682,0.8748530660392264,0.21568627450980393,0.09195402298850575
Australian Credit,SVM,0.8521739130434783,0.9140201472384388,0.8615380043414559,0.21568627450980393,0.12643678160919541
