Dataset,Model,Accuracy,AUC,F1-score,Type I Error,Type II Error
German Credit,XGBoost,0.742,0.7725714285714286,0.5274841021445946,0.09219858156028368,0.4576271186440678
German Credit,Decision Tree,0.686,0.6154761904761904,0.4644908866172349,0.24822695035460993,0.559322033898305
German Credit,Random Forest,0.7530000000000001,0.7903214285714286,0.47410024144804,0.05673758865248227,0.6440677966101694
German Credit,SVM,0.7630000000000001,0.7849523809523811,0.4936176620143404,0.07092198581560284,0.559322033898305
Australian Credit,XGBoost,0.8753623188405797,0.9277062211077908,0.8869739467825412,0.17647058823529413,0.11494252873563218
Australian Credit,Decision Tree,0.8144927536231885,0.8100354487005939,0.8375685156610823,0.19607843137254902,0.10344827586206896
Australian Credit,Random Forest,0.8637681159420291,0.9309651104830486,0.8755161675900791,0.17647058823529413,0.09195402298850575
Australian Credit,SVM,0.8536231884057971,0.9127858586902814,0.8621785345983544,0.19607843137254902,0.12643678160919541
