Dataset,Model,Accuracy,AUC,F1-score,Type I Error,Type II Error
German Credit,XGBoost,0.742,0.7725714285714286,0.5274841021445946,0.09219858156028368,0.4576271186440678
German Credit,Decision Tree,0.6839999999999999,0.61,0.4643153478176273,0.22695035460992907,0.5254237288135594
German Credit,Random Forest,0.758,0.7952738095238094,0.4661733669061133,0.0851063829787234,0.4745762711864407
German Credit,SVM,0.7630000000000001,0.7849523809523811,0.4936176620143404,0.07092198581560284,0.559322033898305
Australian Credit,XGBoost,0.8753623188405797,0.9277062211077908,0.8869739467825412,0.17647058823529413,0.11494252873563218
Australian Credit,Decision Tree,0.8057971014492754,0.8166363549612458,0.8362228251523784,0.17647058823529413,0.11494252873563218
Australian Credit,Random Forest,0.8652173913043478,0.9323540555995538,0.87506290838519,0.23529411764705882,0.09195402298850575
Australian Credit,SVM,0.8536231884057971,0.9127858586902814,0.8621785345983544,0.19607843137254902,0.12643678160919541
