Dataset,模型,精确度,AUC,F1-分数,第一类错误,第二类错误
German Credit,XGBoost,0.733,0.7629047619047619,0.520157162572056,0.11347517730496454,0.3559322033898305
German Credit,决策树,0.6719999999999999,0.6188095238095237,0.47243820985401913,0.22695035460992907,0.4406779661016949
German Credit,随机森林,0.7470000000000001,0.7826190476190478,0.4857691215256644,0.05673758865248227,0.6101694915254238
German Credit,SVM,0.756,0.7851666666666667,0.486046731046731,0.0851063829787234,0.5423728813559322
Australian Credit,XGBoost,0.8753623188405797,0.9277062211077908,0.8869739467825412,0.17647058823529413,0.11494252873563218
Australian Credit,决策树,0.8115942028985508,0.8090883607750206,0.8382163009878336,0.19607843137254902,0.12643678160919541
Australian Credit,随机森林,0.8681159420289856,0.9330773119279618,0.8725305139639289,0.17647058823529413,0.08045977011494253
Australian Credit,SVM,0.8521739130434783,0.9140201472384388,0.8615380043414559,0.21568627450980393,0.12643678160919541
