Dataset,模型,精确度,AUC,F1-分数,第一类错误,第二类错误
German Credit,XGBoost,0.733,0.7629047619047619,0.520157162572056,0.11347517730496454,0.3559322033898305
German Credit,决策树,0.6699999999999999,0.6240476190476191,0.47185083972062614,0.22695035460992907,0.4576271186440678
German Credit,随机森林,0.752,0.7791785714285714,0.4922114238345242,0.07801418439716312,0.6101694915254238
German Credit,SVM,0.756,0.7851666666666667,0.486046731046731,0.0851063829787234,0.5423728813559322
Australian Credit,XGBoost,0.8753623188405797,0.9277062211077908,0.8869739467825412,0.17647058823529413,0.11494252873563218
Australian Credit,决策树,0.8115942028985508,0.8007173780323603,0.8442562991163163,0.19607843137254902,0.09195402298850575
Australian Credit,随机森林,0.8652173913043478,0.9295407690781206,0.8781879042650867,0.19607843137254902,0.10344827586206896
Australian Credit,SVM,0.8521739130434783,0.9140201472384388,0.8615380043414559,0.21568627450980393,0.12643678160919541
