Dataset,Model,Accuracy,AUC,F1-score,Type I Error,Type II Error
German Credit,XGBoost,0.733,0.7629047619047619,0.520157162572056,0.11347517730496454,0.3559322033898305
German Credit,Decision Tree,0.665,0.6195238095238096,0.46290944019646607,0.24113475177304963,0.4576271186440678
German Credit,Random Forest,0.7459999999999999,0.7772619047619048,0.4916414015753638,0.06382978723404255,0.6101694915254238
German Credit,SVM,0.756,0.7851666666666667,0.486046731046731,0.0851063829787234,0.5423728813559322
Australian Credit,XGBoost,0.8753623188405797,0.9277062211077908,0.8869739467825412,0.17647058823529413,0.11494252873563218
Australian Credit,Decision Tree,0.8144927536231883,0.8074567518262027,0.8362770126916057,0.19607843137254902,0.12643678160919541
Australian Credit,Random Forest,0.8608695652173914,0.9335831932964472,0.8698422975473094,0.19607843137254902,0.08045977011494253
Australian Credit,SVM,0.8521739130434783,0.9140201472384388,0.8615380043414559,0.21568627450980393,0.12643678160919541
