Dataset,Model,Accuracy,AUC,F1-score,Type I Error,Type II Error
German Credit,XGBoost,0.742,0.7725714285714286,0.5274841021445946,0.09219858156028368,0.4576271186440678
German Credit,Decision Tree,0.6789999999999999,0.6142857142857142,0.46639120290363234,0.23404255319148937,0.559322033898305
German Credit,Random Forest,0.756,0.7967142857142857,0.46349312340289933,0.07092198581560284,0.559322033898305
German Credit,SVM,0.7630000000000001,0.7849523809523811,0.4936176620143404,0.07092198581560284,0.559322033898305
Australian Credit,XGBoost,0.8753623188405797,0.9277062211077908,0.8869739467825412,0.17647058823529413,0.11494252873563218
Australian Credit,Decision Tree,0.8130434782608695,0.8080648143362106,0.8351861724031237,0.19607843137254902,0.11494252873563218
Australian Credit,Random Forest,0.8608695652173914,0.9320516554474498,0.8743254388191792,0.19607843137254902,0.08045977011494253
Australian Credit,SVM,0.8536231884057971,0.9127858586902814,0.8621785345983544,0.19607843137254902,0.12643678160919541
