Dataset,Model,Accuracy,AUC,F1-score,Type I Error,Type II Error
German Credit,XGBoost,0.733,0.7629047619047619,0.520157162572056,0.11347517730496454,0.3559322033898305
German Credit,Decision Tree,0.684,0.6283333333333333,0.4634459326402789,0.24113475177304963,0.4576271186440678
German Credit,Random Forest,0.754,0.7799880952380953,0.5036361194258961,0.07801418439716312,0.6440677966101694
German Credit,SVM,0.756,0.7851666666666667,0.486046731046731,0.0851063829787234,0.5423728813559322
Australian Credit,XGBoost,0.8753623188405797,0.9277062211077908,0.8869739467825412,0.17647058823529413,0.11494252873563218
Australian Credit,Decision Tree,0.8173913043478261,0.8084770450957931,0.8392504904974196,0.23529411764705882,0.09195402298850575
Australian Credit,Random Forest,0.8652173913043478,0.9309028665119845,0.874368057289977,0.19607843137254902,0.09195402298850575
Australian Credit,SVM,0.8521739130434783,0.9140201472384388,0.8615380043414559,0.21568627450980393,0.12643678160919541
