Dataset,模型,精确度,AUC,F1-分数,第一类错误,第二类错误
German Credit,XGBoost,0.733,0.7629047619047619,0.520157162572056,0.11347517730496454,0.3559322033898305
German Credit,决策树,0.674,0.6235714285714284,0.48491467554717305,0.22695035460992907,0.423728813559322
German Credit,随机森林,0.755,0.7907619047619049,0.4942074019371148,0.05673758865248227,0.6271186440677966
German Credit,SVM,0.756,0.7851666666666667,0.486046731046731,0.0851063829787234,0.5423728813559322
Australian Credit,XGBoost,0.8753623188405797,0.9277062211077908,0.8869739467825412,0.17647058823529413,0.11494252873563218
Australian Credit,决策树,0.8043478260869567,0.8003238529957895,0.8296043720763823,0.21568627450980393,0.11494252873563218
Australian Credit,随机森林,0.8739130434782609,0.9333898194960986,0.8750580170916387,0.23529411764705882,0.09195402298850575
Australian Credit,SVM,0.8521739130434783,0.9140201472384388,0.8615380043414559,0.21568627450980393,0.12643678160919541
