Dataset,Classifier,Accuracy,AUC,Type1-error,Type2-error
df1,DecisionTree,0.7333333333333333,0.6845260003154741,0.19138755980861244,0.43956043956043955
df1,KNN,0.7033333333333334,0.6728008833271992,0.13875598086124402,0.6593406593406593
df1,RandomForest,0.78,0.8000157736999843,0.0861244019138756,0.5274725274725275
df1,SVM,0.7566666666666667,0.8075345706924654,0.0861244019138756,0.6043956043956044
df2,DecisionTree,0.8405797101449275,0.8315696649029982,0.20987654320987653,0.12698412698412698
df2,KNN,0.7632850241545893,0.7746423672349598,0.37037037037037035,0.15079365079365079
df2,RandomForest,0.855072463768116,0.9196061140505585,0.18518518518518517,0.11904761904761904
