Dataset,Classifier,Accuracy,AUC,Type1-error,Type2-error
df1,DecisionTree,0.6933333333333334,0.6497187023502814,0.15789473684210525,0.6483516483516484
df1,KNN,0.6966666666666667,0.6761922288238078,0.1291866028708134,0.7032967032967034
df1,RandomForest,0.71,0.7044534412955465,0.16267942583732056,0.5824175824175825
df1,SVM,0.7133333333333334,0.753089016246911,0.028708133971291867,0.8791208791208791
df2,DecisionTree,0.8405797101449275,0.8383303938859494,0.18518518518518517,0.14285714285714285
df2,KNN,0.7681159420289855,0.8560160689790319,0.3333333333333333,0.16666666666666666
df2,RandomForest,0.855072463768116,0.9206839114246522,0.18518518518518517,0.11904761904761904
