Dataset,Classifier,Accuracy,AUC,Type1-error,Type2-error
df1,DecisionTree,0.7,0.6623376623376623,0.23923444976076555,0.43956043956043955
df1,KNN,0.7566666666666667,0.7481728797518271,0.09569377990430622,0.5824175824175825
df1,RandomForest,0.7333333333333333,0.7521425942478575,0.14832535885167464,0.5384615384615384
df1,SVM,0.75,0.8101898101898103,0.07655502392344497,0.6483516483516484
df2,DecisionTree,0.8405797101449275,0.8315696649029982,0.20987654320987653,0.12698412698412698
df2,KNN,0.7874396135265701,0.8328924162257496,0.2839506172839506,0.16666666666666666
df2,RandomForest,0.855072463768116,0.919557123260827,0.18518518518518517,0.11904761904761904
